feature,importance
luminosity_score,3.711727
emergency_score,1.7085017
commercial_score,1.2671187
footfall_score,0.8841598
luminosity_norm,0.834311
visual_score,0.4514581
shop_count_200m_norm,0.106923364
transit_score,0.09242001
crime_penalty,0.09199582
brightness_mean,0.074588686
night_crime_density,0.057524823
physical_score,0.048274
police_count_500m_norm,0.04457311
combined_risk_score,0.043765612
darkness_ratio,0.028939165
crime_density,0.028897613
bus_stop_count_300m_norm,0.017432112
greenery_ratio,0.0143429125
highway_type_enc,0.011471736
is_primary_secondary,0.007565021
has_road_name,0.002765161
accident_density,0.0021552942
is_dead_end,0.001708663
lanes,0.0015904249
cctv_count_150m_norm,0.0013708399
lamp_count_80m_norm,0.00051996263
has_sidewalk,0.0
lit_road_bonus,0.0
construction_nearby,0.0
hour_sin,0.0
hour_cos,0.0
is_night,0.0
